customer_id,signup_date,monthly_spend,support_tickets,plan,region,data_source,churned
CUST-00000,2024-01-01,,7,premium,west,crm_export,yes
CUST-00001,2024-01-02,151.43,4,basic,west,crm_export,no
CUST-00002,2024-01-03,127.64,7,basic,east,crm_export,yes
CUST-00003,2024-01-04,187.29,1,plus,south,crm_export,no
CUST-00004,2024-01-05,212.84,4,basic,south,crm_export,no
CUST-00005,2024-01-06,108.58,5,premium,west,crm_export,yes
CUST-00006,2024-01-07,181.13,3,basic,north,crm_export,no
CUST-00007,2024-01-08,170.1,0,plus,south,crm_export,no
CUST-00008,2024-01-09,,0,premium,north,crm_export,no
CUST-00009,2024-01-10,,8,premium,south,crm_export,yes
CUST-00010,2024-01-11,114.59,5,premium,south,crm_export,yes
CUST-00011,2024-01-12,123.19,2,basic,north,crm_export,no
CUST-00012,2024-01-13,181.32,2,premium,south,crm_export,no
CUST-00013,2024-01-14,226.3,0,plus,west,crm_export,no
CUST-00014,2024-01-15,80.36,8,basic,east,crm_export,yes
CUST-00015,2024-01-16,195.56,0,plus,west,crm_export,no
CUST-00016,2024-01-17,233.53,6,plus,west,crm_export,yes
CUST-00017,2024-01-18,,2,plus,west,crm_export,no
CUST-00018,2024-01-19,204.76,3,basic,south,crm_export,no
CUST-00019,2024-01-20,148.36,2,plus,west,crm_export,no
CUST-00020,2024-01-21,174.63,7,plus,west,crm_export,yes
CUST-00021,2024-01-22,107.06,0,basic,west,crm_export,yes
CUST-00022,2024-01-23,74.5,3,premium,south,crm_export,yes
CUST-00023,2024-01-24,222.42,2,basic,north,crm_export,no
CUST-00024,2024-01-25,135.68,2,premium,east,crm_export,no
CUST-00025,2024-01-26,159.5,1,basic,west,crm_export,no
CUST-00026,2024-01-27,117.61,8,premium,west,crm_export,yes
CUST-00027,2024-01-28,116.55,3,plus,east,crm_export,yes
CUST-00028,2024-01-29,172.18,3,,north,crm_export,no
CUST-00029,2024-01-30,147.17,3,basic,south,crm_export,no
CUST-00030,2024-01-31,197.01,8,premium,east,crm_export,yes
CUST-00031,2024-02-01,200.36,3,premium,east,crm_export,no
CUST-00032,2024-02-02,194.44,3,basic,south,crm_export,no
CUST-00033,2024-02-03,190.74,2,plus,south,crm_export,no
CUST-00034,2024-02-04,251.0,2,plus,north,crm_export,no
CUST-00035,2024-02-05,131.96,0,basic,south,crm_export,no
CUST-00036,2024-02-06,177.53,5,plus,east,crm_export,no
CUST-00037,2024-02-07,230.97,0,premium,north,crm_export,no
CUST-00038,2024-02-08,236.9,2,premium,west,crm_export,no
CUST-00039,2024-02-09,116.02,1,premium,north,crm_export,yes
CUST-00040,2024-02-10,165.94,2,basic,east,crm_export,no
CUST-00041,2024-02-11,241.12,6,basic,south,crm_export,yes
CUST-00042,2024-02-12,202.86,5,plus,west,crm_export,no
CUST-00043,2024-02-13,188.79,8,basic,west,crm_export,yes
CUST-00044,2024-02-14,170.2,3,plus,east,crm_export,no
CUST-00045,2024-02-15,162.73,8,basic,east,crm_export,yes
CUST-00046,2024-02-16,192.97,0,basic,east,crm_export,no
CUST-00047,2024-02-17,168.64,4,basic,east,crm_export,no
CUST-00048,2024-02-18,,7,basic,north,crm_export,yes
CUST-00049,2024-02-19,183.54,4,premium,south,crm_export,no
CUST-00050,2024-02-20,149.49,8,basic,north,crm_export,yes
CUST-00051,2024-02-21,203.95,2,premium,south,crm_export,no
CUST-00052,2024-02-22,311.14,0,basic,east,crm_export,no
CUST-00053,2024-02-23,100.04,6,basic,north,crm_export,yes
CUST-00054,2024-02-24,194.58,0,plus,north,crm_export,no
CUST-00055,2024-02-25,145.79,6,premium,west,crm_export,yes
CUST-00056,2024-02-26,205.98,6,basic,south,crm_export,yes
CUST-00057,2024-02-27,,7,basic,north,crm_export,yes
CUST-00058,2024-02-28,,4,premium,east,crm_export,no
CUST-00059,2024-02-29,232.9,8,plus,east,crm_export,yes
CUST-00060,2024-03-01,188.66,1,plus,west,crm_export,no
CUST-00061,2024-03-02,230.94,3,premium,west,crm_export,no
CUST-00062,2024-03-03,,1,premium,west,crm_export,no
CUST-00063,2024-03-04,251.57,6,plus,east,crm_export,yes
CUST-00064,2024-03-05,196.88,6,plus,south,crm_export,yes
CUST-00065,2024-03-06,228.5,7,basic,west,crm_export,yes
CUST-00066,2024-03-07,125.11,6,basic,south,crm_export,yes
CUST-00067,2024-03-08,142.62,2,plus,south,crm_export,no
CUST-00068,2024-03-09,186.57,0,basic,west,crm_export,no
CUST-00069,2024-03-10,179.23,8,premium,west,crm_export,yes
CUST-00070,2024-03-11,192.74,4,premium,south,crm_export,no
CUST-00071,2024-03-12,,0,,east,crm_export,no
CUST-00072,2024-03-13,100.57,8,plus,west,crm_export,yes
CUST-00073,2024-03-14,223.82,8,basic,west,crm_export,yes
CUST-00074,2024-03-15,180.37,4,,north,crm_export,no
CUST-00075,2024-03-16,170.83,6,basic,east,crm_export,yes
CUST-00076,2024-03-17,113.8,0,plus,north,crm_export,yes
CUST-00077,2024-03-18,202.64,0,plus,west,crm_export,no
CUST-00078,2024-03-19,71.37,2,plus,north,crm_export,yes
CUST-00079,2024-03-20,209.18,5,plus,west,crm_export,no
CUST-00080,2024-03-21,,1,basic,north,crm_export,no
CUST-00081,2024-03-22,182.41,0,premium,south,crm_export,no
CUST-00082,2024-03-23,174.64,6,premium,north,crm_export,yes
CUST-00083,2024-03-24,232.63,6,premium,west,crm_export,yes
CUST-00084,2024-03-25,171.96,6,plus,south,crm_export,yes
CUST-00085,2024-03-26,148.76,7,premium,east,crm_export,yes
CUST-00086,2024-03-27,157.2,7,plus,north,crm_export,yes
CUST-00087,2024-03-28,237.28,5,premium,south,crm_export,no
CUST-00088,2024-03-29,204.13,4,basic,west,crm_export,no
CUST-00089,2024-03-30,162.65,7,basic,west,crm_export,yes
CUST-00090,2024-03-31,169.36,3,plus,north,crm_export,no
CUST-00091,2024-04-01,109.48,0,plus,south,crm_export,yes
CUST-00092,2024-04-02,197.48,6,premium,south,crm_export,yes
CUST-00093,2024-04-03,100.81,2,basic,east,crm_export,yes
CUST-00094,2024-04-04,213.83,8,premium,east,crm_export,yes
CUST-00095,2024-04-05,185.79,3,basic,north,crm_export,no
CUST-00096,2024-04-06,287.41,7,plus,west,crm_export,yes
CUST-00097,2024-04-07,130.49,0,premium,north,crm_export,no
CUST-00098,2024-04-08,175.38,5,plus,south,crm_export,no
CUST-00099,2024-04-09,,4,premium,west,crm_export,no
CUST-00100,2024-04-10,233.61,4,premium,east,crm_export,no
CUST-00101,2024-04-11,148.67,2,premium,south,crm_export,no
CUST-00102,2024-04-12,190.08,8,plus,west,crm_export,yes
CUST-00103,2024-04-13,180.09,3,plus,south,crm_export,no
CUST-00104,2024-04-14,192.69,7,basic,east,crm_export,yes
CUST-00105,2024-04-15,148.56,3,plus,north,crm_export,no
CUST-00106,2024-04-16,,0,premium,north,crm_export,no
CUST-00107,2024-04-17,,7,plus,south,crm_export,yes
CUST-00108,2024-04-18,186.08,1,plus,east,crm_export,no
CUST-00109,2024-04-19,200.25,2,basic,west,crm_export,no
CUST-00110,2024-04-20,169.77,7,plus,south,crm_export,yes
CUST-00111,2024-04-21,107.32,8,basic,west,crm_export,yes
CUST-00112,2024-04-22,224.48,8,premium,east,crm_export,yes
CUST-00113,2024-04-23,196.4,3,plus,north,crm_export,no
CUST-00114,2024-04-24,147.33,6,basic,east,crm_export,yes
CUST-00115,2024-04-25,167.37,2,basic,east,crm_export,no
CUST-00116,2024-04-26,112.47,6,premium,south,crm_export,yes
CUST-00117,2024-04-27,133.86,4,premium,south,crm_export,no
CUST-00118,2024-04-28,155.8,0,premium,south,crm_export,no
CUST-00119,2024-04-29,235.28,3,basic,east,crm_export,no
CUST-00120,2024-04-30,151.22,4,basic,east,crm_export,no
CUST-00121,2024-05-01,,2,basic,south,crm_export,no
CUST-00122,2024-05-02,155.78,3,premium,south,crm_export,no
CUST-00123,2024-05-03,191.16,4,premium,south,crm_export,no
CUST-00124,2024-05-04,173.64,0,premium,south,crm_export,no
CUST-00125,2024-05-05,219.29,1,basic,south,crm_export,no
CUST-00126,2024-05-06,155.93,6,basic,south,crm_export,yes
CUST-00127,2024-05-07,109.24,3,premium,east,crm_export,yes
CUST-00128,2024-05-08,117.81,5,premium,north,crm_export,yes
CUST-00129,2024-05-09,156.07,5,premium,east,crm_export,no
CUST-00130,2024-05-10,123.79,4,basic,north,crm_export,no
CUST-00131,2024-05-11,198.46,3,basic,south,crm_export,no
CUST-00132,2024-05-12,159.04,4,basic,west,crm_export,no
CUST-00133,2024-05-13,286.86,7,premium,west,crm_export,yes
CUST-00134,2024-05-14,101.8,8,premium,east,crm_export,yes
CUST-00135,2024-05-15,,2,plus,east,crm_export,no
CUST-00136,2024-05-16,129.24,6,basic,north,crm_export,yes
CUST-00137,2024-05-17,157.8,8,premium,south,crm_export,yes
CUST-00138,2024-05-18,186.36,0,basic,east,crm_export,no
CUST-00139,2024-05-19,75.36,7,premium,west,crm_export,yes
CUST-00140,2024-05-20,190.66,4,premium,east,crm_export,no
CUST-00141,2024-05-21,265.63,8,premium,west,crm_export,yes
CUST-00142,2024-05-22,,5,premium,south,crm_export,no
CUST-00143,2024-05-23,191.69,7,plus,north,crm_export,yes
CUST-00144,2024-05-24,226.12,1,plus,north,crm_export,no
CUST-00145,2024-05-25,172.62,1,,east,crm_export,no
CUST-00146,2024-05-26,153.86,8,premium,east,crm_export,yes
CUST-00147,2024-05-27,,4,,south,crm_export,no
CUST-00148,2024-05-28,208.84,5,basic,west,crm_export,no
CUST-00149,2024-05-29,174.91,1,premium,east,crm_export,no
CUST-00150,2024-05-30,134.43,2,basic,south,crm_export,no
CUST-00151,2024-05-31,185.7,7,plus,north,crm_export,yes
CUST-00152,2024-06-01,153.73,2,basic,east,crm_export,no
CUST-00153,2024-06-02,156.22,5,plus,east,crm_export,no
CUST-00154,2024-06-03,207.28,2,plus,north,crm_export,no
CUST-00155,2024-06-04,119.77,2,plus,south,crm_export,yes
CUST-00156,2024-06-05,227.13,1,premium,south,crm_export,no
CUST-00157,2024-06-06,117.1,8,premium,east,crm_export,yes
CUST-00158,2024-06-07,150.18,8,plus,north,crm_export,yes
CUST-00159,2024-06-08,266.53,1,premium,west,crm_export,no
CUST-00160,2024-06-09,230.73,3,plus,south,crm_export,no
CUST-00161,2024-06-10,184.39,5,basic,south,crm_export,no
CUST-00162,2024-06-11,137.68,3,basic,north,crm_export,no
CUST-00163,2024-06-12,,6,basic,west,crm_export,yes
CUST-00164,2024-06-13,183.3,2,premium,north,crm_export,no
CUST-00165,2024-06-14,181.69,0,plus,west,crm_export,no
CUST-00166,2024-06-15,175.91,3,plus,south,crm_export,no
CUST-00167,2024-06-16,178.61,5,plus,west,crm_export,no
CUST-00168,2024-06-17,170.35,1,premium,north,crm_export,no
CUST-00169,2024-06-18,115.11,7,plus,north,crm_export,yes
CUST-00170,2024-06-19,156.76,0,basic,west,crm_export,no
CUST-00171,2024-06-20,221.16,0,basic,west,crm_export,no
CUST-00172,2024-06-21,118.42,4,plus,east,crm_export,yes
CUST-00173,2024-06-22,171.47,4,plus,north,crm_export,no
CUST-00174,2024-06-23,143.11,2,premium,west,crm_export,no
CUST-00175,2024-06-24,185.01,2,plus,south,crm_export,no
CUST-00176,2024-06-25,162.51,0,premium,west,crm_export,no
CUST-00177,2024-06-26,246.48,5,plus,west,crm_export,no
CUST-00178,2024-06-27,202.8,3,plus,west,crm_export,no
CUST-00179,2024-06-28,120.97,1,plus,east,crm_export,no
CUST-00180,2024-06-29,210.21,3,plus,east,crm_export,no
CUST-00181,2024-06-30,145.14,8,premium,east,crm_export,yes
CUST-00182,2024-07-01,154.04,2,,north,crm_export,no
CUST-00183,2024-07-02,194.12,8,,south,crm_export,yes
CUST-00184,2024-07-03,157.87,2,basic,east,crm_export,no
CUST-00185,2024-07-04,220.18,1,premium,west,crm_export,no
CUST-00186,2024-07-05,145.15,2,premium,east,crm_export,no
CUST-00187,2024-07-06,152.15,2,plus,east,crm_export,no
CUST-00188,2024-07-07,150.46,1,premium,north,crm_export,no
CUST-00189,2024-07-08,154.55,5,plus,south,crm_export,no
CUST-00190,2024-07-09,229.46,3,basic,east,crm_export,no
CUST-00191,2024-07-10,208.3,6,plus,west,crm_export,yes
CUST-00192,2024-07-11,256.95,4,premium,south,crm_export,no
CUST-00193,2024-07-12,,3,,north,crm_export,no
CUST-00194,2024-07-13,,4,basic,south,crm_export,no
CUST-00195,2024-07-14,183.17,1,basic,north,crm_export,no
CUST-00196,2024-07-15,127.07,6,premium,east,crm_export,yes
CUST-00197,2024-07-16,145.01,0,plus,east,crm_export,no
CUST-00198,2024-07-17,,6,premium,west,crm_export,yes
CUST-00199,2024-07-18,132.43,8,premium,west,crm_export,yes
CUST-00200,2024-07-19,132.67,6,,north,crm_export,yes
CUST-00201,2024-07-20,173.51,4,premium,north,crm_export,no
CUST-00202,2024-07-21,125.25,2,basic,south,crm_export,no
CUST-00203,2024-07-22,217.9,7,basic,north,crm_export,yes
CUST-00204,2024-07-23,138.7,2,plus,west,crm_export,no
CUST-00205,2024-07-24,306.43,4,,north,crm_export,no
CUST-00206,2024-07-25,159.69,6,basic,north,crm_export,yes
CUST-00207,2024-07-26,183.24,8,basic,west,crm_export,yes
CUST-00208,2024-07-27,121.71,8,,west,crm_export,yes
CUST-00209,2024-07-28,256.77,0,premium,north,crm_export,no
CUST-00210,2024-07-29,,8,premium,south,crm_export,yes
CUST-00211,2024-07-30,193.36,1,premium,east,crm_export,no
CUST-00212,2024-07-31,119.39,5,plus,east,crm_export,yes
CUST-00213,2024-08-01,189.48,8,plus,west,crm_export,yes
CUST-00214,2024-08-02,129.54,5,premium,south,crm_export,no
CUST-00215,2024-08-03,245.81,8,plus,north,crm_export,yes
CUST-00216,2024-08-04,216.41,3,basic,south,crm_export,no
CUST-00217,2024-08-05,184.29,2,plus,east,crm_export,no
CUST-00218,2024-08-06,70.36,2,premium,east,crm_export,yes
CUST-00219,2024-08-07,135.75,3,plus,east,crm_export,no
CUST-00220,2024-08-08,,6,premium,west,crm_export,yes
CUST-00221,2024-08-09,234.58,4,premium,west,crm_export,no
CUST-00222,2024-08-10,229.91,6,basic,south,crm_export,yes
CUST-00223,2024-08-11,108.36,3,premium,south,crm_export,yes
CUST-00224,2024-08-12,193.57,2,plus,east,crm_export,no
CUST-00225,2024-08-13,225.7,1,plus,south,crm_export,no
CUST-00226,2024-08-14,105.37,4,basic,south,crm_export,yes
CUST-00227,2024-08-15,179.64,8,plus,north,crm_export,yes
CUST-00228,2024-08-16,192.32,7,basic,south,crm_export,yes
CUST-00229,2024-08-17,166.47,2,basic,east,crm_export,no
CUST-00230,2024-08-18,96.65,4,premium,west,crm_export,yes
CUST-00231,2024-08-19,165.34,6,basic,west,crm_export,yes
CUST-00232,2024-08-20,165.27,5,,south,crm_export,no
CUST-00233,2024-08-21,173.34,0,basic,north,crm_export,no
CUST-00234,2024-08-22,154.64,5,basic,north,crm_export,no
CUST-00235,2024-08-23,160.06,0,plus,south,crm_export,no
CUST-00236,2024-08-24,178.21,1,premium,east,crm_export,no
CUST-00237,2024-08-25,199.91,5,premium,west,crm_export,no
CUST-00238,2024-08-26,166.3,0,plus,west,crm_export,no
CUST-00239,2024-08-27,161.57,3,plus,north,crm_export,no
CUST-00240,2024-08-28,184.16,5,premium,east,crm_export,no
CUST-00241,2024-08-29,93.56,5,basic,south,crm_export,yes
CUST-00242,2024-08-30,,4,premium,north,crm_export,no
CUST-00243,2024-08-31,,0,basic,east,crm_export,no
CUST-00244,2024-09-01,181.79,7,basic,north,crm_export,yes
CUST-00245,2024-09-02,223.23,8,plus,south,crm_export,yes
CUST-00246,2024-09-03,92.12,7,basic,east,crm_export,yes
CUST-00247,2024-09-04,91.18,6,premium,south,crm_export,yes
CUST-00248,2024-09-05,192.32,3,premium,east,crm_export,no
CUST-00249,2024-09-06,179.68,7,plus,south,crm_export,yes
CUST-00250,2024-09-07,187.66,4,premium,west,crm_export,no
CUST-00251,2024-09-08,159.2,1,premium,north,crm_export,no
CUST-00252,2024-09-09,209.9,7,premium,north,crm_export,yes
CUST-00253,2024-09-10,221.97,2,premium,east,crm_export,no
CUST-00254,2024-09-11,201.78,8,plus,south,crm_export,yes
CUST-00255,2024-09-12,168.26,3,basic,east,crm_export,no
CUST-00256,2024-09-13,85.15,7,premium,north,crm_export,yes
CUST-00257,2024-09-14,214.62,4,,east,crm_export,no
CUST-00258,2024-09-15,234.98,4,premium,west,crm_export,no
CUST-00259,2024-09-16,209.01,2,premium,north,crm_export,no
CUST-00260,2024-09-17,140.42,7,basic,south,crm_export,yes
CUST-00261,2024-09-18,210.32,0,plus,west,crm_export,no
CUST-00262,2024-09-19,,4,basic,east,crm_export,no
CUST-00263,2024-09-20,,3,basic,north,crm_export,no
CUST-00264,2024-09-21,140.58,4,premium,north,crm_export,no
CUST-00265,2024-09-22,169.81,2,premium,west,crm_export,no
CUST-00266,2024-09-23,,5,,west,crm_export,no
CUST-00267,2024-09-24,182.58,3,premium,south,crm_export,no
CUST-00268,2024-09-25,129.72,1,plus,south,crm_export,no
CUST-00269,2024-09-26,198.66,1,plus,west,crm_export,no
CUST-00270,2024-09-27,206.04,6,premium,north,crm_export,yes
CUST-00271,2024-09-28,183.96,2,plus,north,crm_export,no
CUST-00272,2024-09-29,189.88,2,plus,west,crm_export,no
CUST-00273,2024-09-30,168.36,5,basic,north,crm_export,no
CUST-00274,2024-10-01,246.52,2,premium,west,crm_export,no
CUST-00275,2024-10-02,139.47,3,premium,south,crm_export,no
CUST-00276,2024-10-03,153.57,2,premium,west,crm_export,no
CUST-00277,2024-10-04,180.49,3,plus,north,crm_export,no
CUST-00278,2024-10-05,219.55,6,basic,west,crm_export,yes
CUST-00279,2024-10-06,112.62,4,basic,north,crm_export,yes
CUST-00280,2024-10-07,121.04,8,,north,crm_export,yes
CUST-00281,2024-10-08,88.3,6,premium,east,crm_export,yes
CUST-00282,2024-10-09,181.47,0,premium,east,crm_export,no
CUST-00283,2024-10-10,129.68,3,premium,west,crm_export,no
CUST-00284,2024-10-11,162.7,2,plus,north,crm_export,no
CUST-00285,2024-10-12,209.76,5,premium,north,crm_export,no
CUST-00286,2024-10-13,151.13,2,premium,east,crm_export,no
CUST-00287,2024-10-14,190.41,8,basic,west,crm_export,yes
CUST-00288,2024-10-15,166.53,2,premium,south,crm_export,no
CUST-00289,2024-10-16,210.25,4,,west,crm_export,no
CUST-00290,2024-10-17,201.38,1,plus,west,crm_export,no
CUST-00291,2024-10-18,148.86,8,premium,west,crm_export,yes
CUST-00292,2024-10-19,172.41,8,plus,east,crm_export,yes
CUST-00293,2024-10-20,226.97,7,premium,east,crm_export,yes
CUST-00294,2024-10-21,197.7,3,basic,east,crm_export,no
CUST-00295,2024-10-22,117.14,0,plus,east,crm_export,yes
CUST-00296,2024-10-23,209.5,6,premium,east,crm_export,yes
CUST-00297,2024-10-24,131.19,3,plus,east,crm_export,no
CUST-00298,2024-10-25,,8,premium,south,crm_export,yes
CUST-00299,2024-10-26,226.08,6,plus,east,crm_export,yes
CUST-00300,2024-10-27,193.04,4,premium,west,crm_export,no
CUST-00301,2024-10-28,187.08,8,plus,west,crm_export,yes
CUST-00302,2024-10-29,170.59,7,premium,east,crm_export,yes
CUST-00303,2024-10-30,210.53,4,,north,crm_export,no
CUST-00304,2024-10-31,163.31,0,basic,east,crm_export,no
CUST-00305,2024-11-01,190.6,0,basic,south,crm_export,no
CUST-00306,2024-11-02,219.24,3,premium,north,crm_export,no
CUST-00307,2024-11-03,154.72,5,basic,north,crm_export,no
CUST-00308,2024-11-04,,0,basic,east,crm_export,no
CUST-00309,2024-11-05,126.25,1,premium,west,crm_export,no
CUST-00310,2024-11-06,132.1,6,plus,east,crm_export,yes
CUST-00311,2024-11-07,97.72,6,basic,south,crm_export,yes
CUST-00312,2024-11-08,212.84,0,basic,north,crm_export,no
CUST-00313,2024-11-09,261.4,4,basic,east,crm_export,no
CUST-00314,2024-11-10,244.14,0,premium,north,crm_export,no
CUST-00315,2024-11-11,,6,,west,crm_export,yes
CUST-00316,2024-11-12,212.62,7,premium,west,crm_export,yes
CUST-00317,2024-11-13,243.99,7,basic,west,crm_export,yes
CUST-00318,2024-11-14,159.44,5,plus,south,crm_export,no
CUST-00319,2024-11-15,184.57,5,basic,north,crm_export,no
CUST-00320,2024-11-16,89.64,8,plus,south,crm_export,yes
CUST-00321,2024-11-17,192.0,5,plus,west,crm_export,no
CUST-00322,2024-11-18,132.14,4,premium,north,crm_export,no
CUST-00323,2024-11-19,188.98,6,,west,crm_export,yes
CUST-00324,2024-11-20,109.75,5,premium,north,crm_export,yes
CUST-00325,2024-11-21,204.43,7,plus,north,crm_export,yes
CUST-00326,2024-11-22,226.1,4,basic,north,crm_export,no
CUST-00327,2024-11-23,144.76,7,premium,west,crm_export,yes
CUST-00328,2024-11-24,128.84,0,plus,east,crm_export,no
CUST-00329,2024-11-25,82.98,0,basic,south,crm_export,yes
CUST-00330,2024-11-26,168.01,0,premium,east,crm_export,no
CUST-00331,2024-11-27,153.83,5,premium,east,crm_export,no
CUST-00332,2024-11-28,110.2,6,basic,east,crm_export,yes
CUST-00333,2024-11-29,200.39,1,premium,east,crm_export,no
CUST-00334,2024-11-30,159.75,1,premium,north,crm_export,no
CUST-00335,2024-12-01,131.59,7,premium,south,crm_export,yes
CUST-00336,2024-12-02,155.04,6,basic,east,crm_export,yes
CUST-00337,2024-12-03,228.21,5,plus,north,crm_export,no
CUST-00338,2024-12-04,207.13,4,plus,south,crm_export,no
CUST-00339,2024-12-05,174.15,3,plus,north,crm_export,no
CUST-00340,2024-12-06,207.86,0,plus,west,crm_export,no
CUST-00341,2024-12-07,127.76,1,plus,north,crm_export,no
CUST-00342,2024-12-08,181.46,8,plus,north,crm_export,yes
CUST-00343,2024-12-09,186.63,3,premium,east,crm_export,no
CUST-00344,2024-12-10,158.86,6,plus,north,crm_export,yes
CUST-00345,2024-12-11,199.6,6,basic,south,crm_export,yes
CUST-00346,2024-12-12,144.88,2,basic,south,crm_export,no
CUST-00347,2024-12-13,202.94,1,premium,north,crm_export,no
CUST-00348,2024-12-14,204.83,6,premium,west,crm_export,yes
CUST-00349,2024-12-15,48.73,0,,east,crm_export,yes
CUST-00350,2024-12-16,233.56,4,basic,north,crm_export,no
CUST-00351,2024-12-17,42.86,7,premium,east,crm_export,yes
CUST-00352,2024-12-18,152.28,6,basic,east,crm_export,yes
CUST-00353,2024-12-19,226.14,6,plus,east,crm_export,yes
CUST-00354,2024-12-20,165.72,0,basic,east,crm_export,no
CUST-00355,2024-12-21,114.02,1,basic,west,crm_export,yes
CUST-00356,2024-12-22,130.78,2,premium,south,crm_export,no
CUST-00357,2024-12-23,226.21,2,plus,south,crm_export,no
CUST-00358,2024-12-24,93.53,1,basic,east,crm_export,yes
CUST-00359,2024-12-25,,8,plus,west,crm_export,yes
CUST-00360,2024-12-26,177.52,1,basic,east,crm_export,no
CUST-00361,2024-12-27,126.34,6,plus,north,crm_export,yes
CUST-00362,2024-12-28,153.76,5,plus,south,crm_export,no
CUST-00363,2024-12-29,134.22,5,plus,east,crm_export,no
CUST-00364,2024-12-30,218.98,1,premium,north,crm_export,no
CUST-00365,2024-12-31,212.96,2,basic,west,crm_export,no
CUST-00366,2025-01-01,102.64,5,basic,west,crm_export,yes
CUST-00367,2025-01-02,161.84,2,plus,west,crm_export,no
CUST-00368,2025-01-03,141.16,6,premium,north,crm_export,yes
CUST-00369,2025-01-04,238.21,0,plus,east,crm_export,no
CUST-00370,2025-01-05,119.25,0,basic,east,crm_export,yes
CUST-00371,2025-01-06,252.19,6,premium,east,crm_export,yes
CUST-00372,2025-01-07,178.5,5,plus,west,crm_export,no
CUST-00373,2025-01-08,127.71,0,basic,south,crm_export,no
CUST-00374,2025-01-09,149.52,8,plus,east,crm_export,yes
CUST-00375,2025-01-10,143.93,0,basic,east,crm_export,no
CUST-00376,2025-01-11,122.64,8,premium,west,crm_export,yes
CUST-00377,2025-01-12,184.27,6,basic,west,crm_export,yes
CUST-00378,2025-01-13,124.74,8,plus,south,crm_export,yes
CUST-00379,2025-01-14,81.88,8,plus,west,crm_export,yes
CUST-00380,2025-01-15,162.91,2,basic,north,crm_export,no
CUST-00381,2025-01-16,98.87,6,plus,south,crm_export,yes
CUST-00382,2025-01-17,146.15,1,basic,east,crm_export,no
CUST-00383,2025-01-18,139.09,4,plus,north,crm_export,no
CUST-00384,2025-01-19,140.8,2,premium,south,crm_export,no
CUST-00385,2025-01-20,270.04,4,premium,east,crm_export,no
CUST-00386,2025-01-21,182.54,7,basic,east,crm_export,yes
CUST-00387,2025-01-22,191.04,3,basic,north,crm_export,no
CUST-00388,2025-01-23,100.06,0,plus,south,crm_export,yes
CUST-00389,2025-01-24,150.57,2,premium,north,crm_export,no
CUST-00390,2025-01-25,189.69,7,premium,east,crm_export,yes
CUST-00391,2025-01-26,,4,basic,south,crm_export,no
CUST-00392,2025-01-27,220.86,5,basic,east,crm_export,no
CUST-00393,2025-01-28,125.88,3,basic,east,crm_export,no
CUST-00394,2025-01-29,167.11,2,basic,west,crm_export,no
CUST-00395,2025-01-30,153.63,5,plus,north,crm_export,no
CUST-00396,2025-01-31,,5,premium,west,crm_export,no
CUST-00397,2025-02-01,151.18,8,basic,north,crm_export,yes
CUST-00398,2025-02-02,167.81,5,premium,north,crm_export,no
CUST-00399,2025-02-03,169.37,8,plus,north,crm_export,yes
CUST-00400,2025-02-04,146.95,7,plus,north,crm_export,yes
CUST-00401,2025-02-05,201.83,0,premium,west,crm_export,no
CUST-00402,2025-02-06,190.73,3,basic,north,crm_export,no
CUST-00403,2025-02-07,176.01,3,premium,east,crm_export,no
CUST-00404,2025-02-08,160.63,0,basic,south,crm_export,no
CUST-00405,2025-02-09,215.84,1,plus,north,crm_export,no
CUST-00406,2025-02-10,169.39,6,premium,south,crm_export,yes
CUST-00407,2025-02-11,166.2,3,plus,north,crm_export,no
CUST-00408,2025-02-12,184.71,1,basic,south,crm_export,no
CUST-00409,2025-02-13,256.35,2,plus,east,crm_export,no
CUST-00410,2025-02-14,119.68,2,plus,east,crm_export,yes
CUST-00411,2025-02-15,214.64,1,basic,south,crm_export,no
CUST-00412,2025-02-16,94.81,0,premium,west,crm_export,yes
CUST-00413,2025-02-17,189.78,6,basic,east,crm_export,yes
CUST-00414,2025-02-18,250.88,7,plus,south,crm_export,yes
CUST-00415,2025-02-19,201.99,4,plus,south,crm_export,no
CUST-00416,2025-02-20,187.68,5,basic,north,crm_export,no
CUST-00417,2025-02-21,154.78,8,premium,west,crm_export,yes
CUST-00418,2025-02-22,181.4,7,plus,west,crm_export,yes
CUST-00419,2025-02-23,168.66,0,basic,south,crm_export,no
CUST-00420,2025-02-24,144.63,8,plus,east,crm_export,yes
CUST-00421,2025-02-25,166.96,0,plus,east,crm_export,no
CUST-00422,2025-02-26,188.93,0,plus,east,crm_export,no
CUST-00423,2025-02-27,145.48,3,premium,north,crm_export,no
CUST-00424,2025-02-28,143.72,6,plus,west,crm_export,yes
CUST-00425,2025-03-01,118.79,0,premium,west,crm_export,yes
CUST-00426,2025-03-02,197.58,2,plus,west,crm_export,no
CUST-00427,2025-03-03,204.54,2,plus,west,crm_export,no
CUST-00428,2025-03-04,,3,basic,west,crm_export,no
CUST-00429,2025-03-05,223.43,8,plus,east,crm_export,yes
CUST-00430,2025-03-06,,2,basic,north,crm_export,no
CUST-00431,2025-03-07,197.64,1,premium,south,crm_export,no
CUST-00432,2025-03-08,193.67,1,premium,north,crm_export,no
CUST-00433,2025-03-09,175.88,1,,north,crm_export,no
CUST-00434,2025-03-10,156.11,1,premium,west,crm_export,no
CUST-00435,2025-03-11,279.64,5,basic,west,crm_export,no
CUST-00436,2025-03-12,159.66,3,basic,east,crm_export,no
CUST-00437,2025-03-13,150.04,4,premium,east,crm_export,no
CUST-00438,2025-03-14,199.53,7,plus,north,crm_export,yes
CUST-00439,2025-03-15,191.33,5,basic,north,crm_export,no
CUST-00440,2025-03-16,116.78,1,basic,west,crm_export,yes
CUST-00441,2025-03-17,230.52,3,premium,south,crm_export,no
CUST-00442,2025-03-18,175.76,2,plus,east,crm_export,no
CUST-00443,2025-03-19,,7,basic,south,crm_export,yes
CUST-00444,2025-03-20,233.5,2,premium,north,crm_export,no
CUST-00445,2025-03-21,208.16,1,,west,crm_export,no
CUST-00446,2025-03-22,123.1,6,plus,west,crm_export,yes
CUST-00447,2025-03-23,259.97,3,basic,east,crm_export,no
CUST-00448,2025-03-24,209.65,0,plus,south,crm_export,no
CUST-00449,2025-03-25,,6,plus,east,crm_export,yes
CUST-00450,2025-03-26,251.56,1,premium,west,crm_export,no
CUST-00451,2025-03-27,187.17,7,plus,east,crm_export,yes
CUST-00452,2025-03-28,178.74,7,basic,south,crm_export,yes
CUST-00453,2025-03-29,150.29,3,basic,south,crm_export,no
CUST-00454,2025-03-30,206.18,5,,east,crm_export,no
CUST-00455,2025-03-31,201.45,5,plus,south,crm_export,no
CUST-00456,2025-04-01,180.66,5,basic,east,crm_export,no
CUST-00457,2025-04-02,144.45,0,plus,north,crm_export,no
CUST-00458,2025-04-03,185.85,2,premium,north,crm_export,no
CUST-00459,2025-04-04,176.86,1,premium,west,crm_export,no
CUST-00460,2025-04-05,119.99,6,plus,south,crm_export,yes
CUST-00461,2025-04-06,113.77,0,premium,south,crm_export,yes
CUST-00462,2025-04-07,205.43,4,premium,east,crm_export,no
CUST-00463,2025-04-08,62.92,6,plus,south,crm_export,yes
CUST-00464,2025-04-09,189.24,8,premium,west,crm_export,yes
CUST-00465,2025-04-10,158.49,2,basic,north,crm_export,no
CUST-00466,2025-04-11,238.87,0,premium,west,crm_export,no
CUST-00467,2025-04-12,157.79,6,basic,north,crm_export,yes
CUST-00468,2025-04-13,209.68,0,premium,south,crm_export,no
CUST-00469,2025-04-14,162.14,0,premium,east,crm_export,no
CUST-00470,2025-04-15,185.12,8,plus,west,crm_export,yes
CUST-00471,2025-04-16,,7,basic,north,crm_export,yes
CUST-00472,2025-04-17,159.18,6,,east,crm_export,yes
CUST-00473,2025-04-18,224.84,7,plus,north,crm_export,yes
CUST-00474,2025-04-19,135.28,0,premium,north,crm_export,no
CUST-00475,2025-04-20,193.26,0,premium,west,crm_export,no
CUST-00476,2025-04-21,221.52,2,plus,east,crm_export,no
CUST-00477,2025-04-22,209.7,0,premium,south,crm_export,no
CUST-00478,2025-04-23,266.24,7,plus,east,crm_export,yes
CUST-00479,2025-04-24,145.65,0,plus,south,crm_export,no
CUST-00480,2025-04-25,117.94,4,,south,crm_export,yes
CUST-00481,2025-04-26,135.25,7,premium,south,crm_export,yes
CUST-00482,2025-04-27,209.72,6,plus,south,crm_export,yes
CUST-00483,2025-04-28,202.41,2,plus,west,crm_export,no
CUST-00484,2025-04-29,184.6,4,premium,south,crm_export,no
CUST-00485,2025-04-30,129.47,4,premium,south,crm_export,no
CUST-00486,2025-05-01,214.51,6,plus,east,crm_export,yes
CUST-00487,2025-05-02,124.89,3,basic,west,crm_export,no
CUST-00488,2025-05-03,232.15,2,basic,south,crm_export,no
CUST-00489,2025-05-04,308.58,7,basic,west,crm_export,yes
CUST-00490,2025-05-05,,7,plus,south,crm_export,yes
CUST-00491,2025-05-06,206.24,4,plus,east,crm_export,no
CUST-00492,2025-05-07,157.82,0,premium,west,crm_export,no
CUST-00493,2025-05-08,98.54,4,basic,south,crm_export,yes
CUST-00494,2025-05-09,152.88,8,premium,north,crm_export,yes
CUST-00495,2025-05-10,130.82,8,plus,east,crm_export,yes
CUST-00496,2025-05-11,114.88,3,basic,north,crm_export,yes
CUST-00497,2025-05-12,257.51,1,plus,south,crm_export,no
CUST-00498,2025-05-13,192.28,5,basic,west,crm_export,no
CUST-00499,2025-05-14,197.09,7,premium,south,crm_export,yes
CUST-00000,2024-01-01,,7,premium,west,crm_export,yes
CUST-00001,2024-01-02,151.43,4,basic,west,crm_export,no
CUST-00002,2024-01-03,127.64,7,basic,east,crm_export,yes
CUST-00003,2024-01-04,187.29,1,plus,south,crm_export,no
CUST-00004,2024-01-05,212.84,4,basic,south,crm_export,no
CUST-00005,2024-01-06,108.58,5,premium,west,crm_export,yes
CUST-00006,2024-01-07,181.13,3,basic,north,crm_export,no
CUST-00007,2024-01-08,170.1,0,plus,south,crm_export,no
CUST-00008,2024-01-09,,0,premium,north,crm_export,no
CUST-00009,2024-01-10,,8,premium,south,crm_export,yes
CUST-00010,2024-01-11,114.59,5,premium,south,crm_export,yes
CUST-00011,2024-01-12,123.19,2,basic,north,crm_export,no
CUST-00012,2024-01-13,181.32,2,premium,south,crm_export,no
CUST-00013,2024-01-14,226.3,0,plus,west,crm_export,no
CUST-00014,2024-01-15,80.36,8,basic,east,crm_export,yes
CUST-00015,2024-01-16,195.56,0,plus,west,crm_export,no
CUST-00016,2024-01-17,233.53,6,plus,west,crm_export,yes
CUST-00017,2024-01-18,,2,plus,west,crm_export,no
CUST-00018,2024-01-19,204.76,3,basic,south,crm_export,no
CUST-00019,2024-01-20,148.36,2,plus,west,crm_export,no
CUST-00020,2024-01-21,174.63,7,plus,west,crm_export,yes
CUST-00021,2024-01-22,107.06,0,basic,west,crm_export,yes
CUST-00022,2024-01-23,74.5,3,premium,south,crm_export,yes
CUST-00023,2024-01-24,222.42,2,basic,north,crm_export,no
CUST-00024,2024-01-25,135.68,2,premium,east,crm_export,no
CUST-00025,2024-01-26,159.5,1,basic,west,crm_export,no
CUST-00026,2024-01-27,117.61,8,premium,west,crm_export,yes
CUST-00027,2024-01-28,116.55,3,plus,east,crm_export,yes
CUST-00028,2024-01-29,172.18,3,,north,crm_export,no
CUST-00029,2024-01-30,147.17,3,basic,south,crm_export,no
